Workbook

Sheet JUNHO
D2: POLÍCIA MILITAR | J2: CONTROLE DE FREQUÊNCIA
E3: DO | J3: OPM | Z3: CÓDIGO DA OPM | AF3: MÊS | AK3: ANO | AM3: Nº DE PÁGINAS | AP3: PÁGINA Nº
D4: ESTADO DE SÃO PAULO | J4: 37º BPM/M | Z4: 510370000 | AP4: 1
B5: 0 INFERIOR A 8H / "1" IGUAL OU SUPERIOR 8H E INFERIOR "12H" / "2" IGUAL OU SUPERIOR 12H E INFERIOR "18H" / "3" IGUAL OU SUPERIOR "18H" OU INFERIOR "24H" / F - FÉRIAS / LP - LICENÇA-PRÊMIO / FS - FALTA AO SERVIÇO / A - DEMAIS AFASTAMENTOS
B7: Nº | C7: POSTO/GRAD | D7: RE | E7: NOME | F7: D I A S D O M Ê S | AK7: TOTAL | AM7: OBSERVAÇÃO
F8: 1 | G8: 2 | H8: 3 | I8: 4 | J8: 5 | K8: 6 | L8: 7 | M8: 8 | N8: 9 | O8: 10 | P8: 11 | Q8: 12 | R8: 13 | S8: 14 | T8: 15 | U8: 16 | V8: 17 | W8: 18 | X8: 19 | Y8: 20 | Z8: 21 | AA8: 22 | AB8: 23 | AC8: 24 | AD8: 25 | AE8: 26 | AF8: 27 | AG8: 28 | AH8: 29 | AI8: 30 | AJ8: 31 | AK8: Dias Trab | AL8: 1/2 DA
B9: =DADOS!A2 -> 1 | C9: =DADOS!B2 -> Ten Coronel | D9: =DADOS!C2 -> 960444 | E9: =DADOS!D2 -> ROGÉRIO DIAS BASTOS | F9: =DADOS!F2 -> A | G9: =DADOS!G2 -> 1 | H9: =DADOS!H2 -> 1 | I9: =DADOS!I2 -> 1 | J9: =DADOS!J2 -> 1 | K9: =DADOS!K2 -> 1 | L9: =DADOS!L2 -> A | M9: =DADOS!M2 -> A | ... AJ9: =DADOS!AJ2 -> 0 | AK9: =DADOS!AT2 -> 20 | AL9: =DADOS!AU2 -> 20 | AM9: Nº 1
B10: =DADOS!A3 -> 2 | C10: =DADOS!B3 -> Major | D10: =DADOS!C3 -> 991654 | E10: =DADOS!D3 -> LUIZ FERNANDO BELTRAME FERRAZ | F10: =DADOS!F3 -> A | G10: =DADOS!G3 -> 1 | H10: =DADOS!H3 -> 1 | I10: =DADOS!I3 -> 1 | J10: =DADOS!J3 -> 1 | K10: =DADOS!K3 -> 1 | L10: =DADOS!L3 -> A | M10: =DADOS!M3 -> A | ... AJ10: =DADOS!AJ3 -> 0 | AK10: =DADOS!AT3 -> 20 | AL10: =DADOS!AU3 -> 20 | AM10: Nº 2
B11: =DADOS!A4 -> 3 | C11: =DADOS!B4 -> Capitão | D11: =DADOS!C4 -> 101317 | E11: =DADOS!D4 -> JOABE MENDES DOS SANTOS | F11: =DADOS!F4 -> A | G11: =DADOS!G4 -> 1 | H11: =DADOS!H4 -> 1 | I11: =DADOS!I4 -> 1 | J11: =DADOS!J4 -> 1 | K11: =DADOS!K4 -> 1 | L11: =DADOS!L4 -> A | M11: =DADOS!M4 -> A | ... AJ11: =DADOS!AJ4 -> 0 | AK11: =DADOS!AT4 -> 20 | AL11: =DADOS!AU4 -> 20 | AM11: Nº 3
B12: =DADOS!A5 -> 4 | C12: =DADOS!B5 -> Capitão | D12: =DADOS!C5 -> 103715 | E12: =DADOS!D5 -> EDUARDO CÉSAR DA SILVA | F12: =DADOS!F5 -> A | G12: =DADOS!G5 -> 1 | H12: =DADOS!H5 -> 1 | I12: =DADOS!I5 -> 1 | J12: =DADOS!J5 -> 1 | K12: =DADOS!K5 -> 1 | L12: =DADOS!L5 -> A | M12: =DADOS!M5 -> A | ... AJ12: =DADOS!AJ5 -> 0 | AK12: =DADOS!AT5 -> 20 | AL12: =DADOS!AU5 -> 20 | AM12: Nº 4
B13: =DADOS!A6 -> 5 | C13: =DADOS!B6 -> Capitão | D13: =DADOS!C6 -> 114515 | E13: =DADOS!D6 -> LUCIANO DA COSTA ALVES | F13: =DADOS!F6 -> A | G13: =DADOS!G6 -> 1 | H13: =DADOS!H6 -> 1 | I13: =DADOS!I6 -> 1 | J13: =DADOS!J6 -> 1 | K13: =DADOS!K6 -> 1 | L13: =DADOS!L6 -> A | M13: =DADOS!M6 -> A | ... AJ13: =DADOS!AJ6 -> 0 | AK13: =DADOS!AT6 -> 20 | AL13: =DADOS!AU6 -> 20 | AM13: Nº 5
B14: =DADOS!A7 -> 6 | C14: =DADOS!B7 -> Capitão | D14: =DADOS!C7 -> 135418 | E14: =DADOS!D7 -> CAIO AUGUSTO DE SOUZA DAVID | F14: =DADOS!F7 -> A | G14: =DADOS!G7 -> 1 | H14: =DADOS!H7 -> 1 | I14: =DADOS!I7 -> 1 | J14: =DADOS!J7 -> 1 | K14: =DADOS!K7 -> 1 | L14: =DADOS!L7 -> A | M14: =DADOS!M7 -> A | ... AJ14: =DADOS!AJ7 -> 0 | AK14: =DADOS!AT7 -> 20 | AL14: =DADOS!AU7 -> 20 | AM14: Nº 6
B15: =DADOS!A8 -> 7 | C15: =DADOS!B8 -> 1º Tenente | D15: =DADOS!C8 -> 102564 | E15: =DADOS!D8 -> LEANDRO PEROTO RIGUETO | F15: =DADOS!F8 -> A | G15: =DADOS!G8 -> 1 | H15: =DADOS!H8 -> 1 | I15: =DADOS!I8 -> 1 | J15: =DADOS!J8 -> 1 | K15: =DADOS!K8 -> 1 | L15: =DADOS!L8 -> A | M15: =DADOS!M8 -> A | ... AJ15: =DADOS!AJ8 -> 0 | AK15: =DADOS!AT8 -> 20 | AL15: =DADOS!AU8 -> 20 | AM15: Nº 7
B16: =DADOS!A9 -> 8 | C16: =DADOS!B9 -> 1º Tenente | D16: =DADOS!C9 -> 161884 | E16: =DADOS!D9 -> JOSE ROBERTO DE SOUZA FILHO | F16: =DADOS!F9 -> 0 | G16: =DADOS!G9 -> A | H16: =DADOS!H9 -> 0 | I16: =DADOS!I9 -> A | J16: =DADOS!J9 -> 0 | K16: =DADOS!K9 -> A | L16: =DADOS!L9 -> 0 | M16: =DADOS!M9 -> A | ... AJ16: =DADOS!AJ9 -> 0 | AK16: =DADOS!AT9 -> 14 | AL16: =DADOS!AU9 -> 0 | AM16: Nº 8
B17: =DADOS!A10 -> 9 | C17: =DADOS!B10 -> 1º Tenente | D17: =DADOS!C10 -> 170252 | E17: =DADOS!D10 -> VALDIR DE SOUZA JUNIOR | F17: =DADOS!F10 -> A | G17: =DADOS!G10 -> 0 | H17: =DADOS!H10 -> A | I17: =DADOS!I10 -> 0 | J17: =DADOS!J10 -> A | K17: =DADOS!K10 -> 0 | L17: =DADOS!L10 -> A | M17: =DADOS!M10 -> 0 | ... AJ17: =DADOS!AJ10 -> 0 | AK17: =DADOS!AT10 -> 14 | AL17: =DADOS!AU10 -> 0 | AM17: Nº 9
B18: =DADOS!A11 -> 10 | C18: =DADOS!B11 -> 1º Tenente | D18: =DADOS!C11 -> 180238 | E18: =DADOS!D11 -> PAULO JOSÉ BONIFÁCIO FONSECA NOVAES | F18: =DADOS!F11 -> A | G18: =DADOS!G11 -> 0 | H18: =DADOS!H11 -> A | I18: =DADOS!I11 -> 0 | J18: =DADOS!J11 -> A | K18: =DADOS!K11 -> 0 | L18: =DADOS!L11 -> A | M18: =DADOS!M11 -> 0 | ... AJ18: =DADOS!AJ11 -> 0 | AK18: =DADOS!AT11 -> 14 | AL18: =DADOS!AU11 -> 0 | AM18: Nº 10
B19: =DADOS!A12 -> 11 | C19: =DADOS!B12 -> 1º Tenente | D19: =DADOS!C12 -> 180284 | E19: =DADOS!D12 -> ROGGER MILTON BARBOSA | F19: =DADOS!F12 -> A | G19: =DADOS!G12 -> 1 | H19: =DADOS!H12 -> 1 | I19: =DADOS!I12 -> 1 | J19: =DADOS!J12 -> 1 | K19: =DADOS!K12 -> 1 | L19: =DADOS!L12 -> A | M19: =DADOS!M12 -> A | ... AJ19: =DADOS!AJ12 -> 0 | AK19: =DADOS!AT12 -> 20 | AL19: =DADOS!AU12 -> 20 | AM19: Nº 11
B20: =DADOS!A13 -> 12 | C20: =DADOS!B13 -> 1º Tenente | D20: =DADOS!C13 -> 200032 | E20: =DADOS!D13 -> DANIEL RINALDO SOARES SILVA | F20: =DADOS!F13 -> A | G20: =DADOS!G13 -> 1 | H20: =DADOS!H13 -> 1 | I20: =DADOS!I13 -> 1 | J20: =DADOS!J13 -> 1 | K20: =DADOS!K13 -> 1 | L20: =DADOS!L13 -> A | M20: =DADOS!M13 -> A | ... AJ20: =DADOS!AJ13 -> 0 | AK20: =DADOS!AT13 -> 20 | AL20: =DADOS!AU13 -> 20 | AM20: Nº 12
... B120: =DADOS!A113 -> 0 | C120: =DADOS!B113 -> 0 | D120: =DADOS!C113 -> 0 | E120: =DADOS!D113 -> 0 | F120: =DADOS!F113 -> 0 | G120: =DADOS!G113 -> 0 | H120: =DADOS!H113 -> 0 | I120: =DADOS!I113 -> 0 | J120: =DADOS!J113 -> 0 | K120: =DADOS!K113 -> 0 | L120: =DADOS!L113 -> 0 | M120: =DADOS!M113 -> 0 | ... AJ120: =DADOS!AJ113 -> 0 | AK120: =DADOS!AT113 -> 0 | AL120: =DADOS!AU113 -> 0 | AM120: Nº 112
B122: ELABORADOR | M122: CONFERÊNCIA | AD122: CH SEÇ RH
B126: PM Elaborador | M126: Sgt PM Aux de Pessoal | AD126: Cap PM Ch Seç RH

Sheet Plan1
D2: POLÍCIA MILITAR | J2: CONTROLE DE FREQUÊNCIA
E3: DO | J3: OPM | Z3: CÓDIGO DA OPM | AF3: MÊS | AK3: ANO | AM3: Nº DE PÁGINAS | AP3: PÁGINA Nº
D4: ESTADO DE SÃO PAULO | J4: 37º BPM/M | Z4: 510370000 | AF4: 1 | AK4: 2026 | AP4: 2
B6: OBSERVAÇÕES
B7: 01 - FERIADO ANO NOVO
B8: 1
B9: 2
B10: 3
B11: 4
B12: 5
B13: 6
B14: 7
B15: 8
B16: 9
B17: 10
B18: 11
B19: 12
... B24: 17
B25: ELABORADOR | M25: CONFERÊNCIA | AC25: CH SEÇ RH
B28: PM Elaborador | M28: Sgt PM Aux de Pessoal | AC28: Cap PM Ch Seç RH
D30: POLÍCIA MILITAR | J30: CONTROLE DE FREQUÊNCIA
E31: DO | J31: OPM | Z31: CÓDIGO DA OPM | AF31: MÊS | AK31: ANO | AM31: Nº DE PÁGINAS | AP31: PÁGINA Nº
D32: ESTADO DE SÃO PAULO | J32: 37º BPM/M | Z32: 510370000 | AF32: 1 | AK32: 2026 | AP32: 3
B35: 18
B36: 19
B37: 20
B38: 21
B39: 22
B40: 23
B42: ELABORADOR | M42: CONFERÊNCIA | AC42: CH SEÇ RH
B45: PM Elaborador | M45: Sgt PM Aux de Pessoal | AC45: Cap PM Ch Seç RH

Sheet DADOS
A2: 1 | B2: Ten Coronel | C2: 960444 | D2: ROGÉRIO DIAS BASTOS | F2: A | G2: 1 | H2: 1 | I2: 1 | J2: 1 | K2: 1 | L2: A | M2: A | N2: 1 | O2: 1 | P2: 1 | Q2: 1 | R2: 1 | S2: A | T2: A | U2: 1 | V2: 1 | W2: 1 | X2: 1 | Y2: 1 | Z2: A | AA2: A | AB2: 1 | AC2: 1 | AD2: 1 | AE2: 1 | AF2: 1 | AG2: A | AT2: 20 | AU2: 20
A3: 2 | B3: Major | C3: 991654 | D3: LUIZ FERNANDO BELTRAME FERRAZ | F3: A | G3: 1 | H3: 1 | I3: 1 | J3: 1 | K3: 1 | L3: A | M3: A | N3: 1 | O3: 1 | P3: 1 | Q3: 1 | R3: 1 | S3: A | T3: A | U3: 1 | V3: 1 | W3: 1 | X3: 1 | Y3: 1 | Z3: A | AA3: A | AB3: 1 | AC3: 1 | AD3: 1 | AE3: 1 | AF3: 1 | AG3: A | AT3: 20 | AU3: 20
A4: 3 | B4: Capitão | C4: 101317 | D4: JOABE MENDES DOS SANTOS | F4: A | G4: 1 | H4: 1 | I4: 1 | J4: 1 | K4: 1 | L4: A | M4: A | N4: 1 | O4: 1 | P4: 1 | Q4: 1 | R4: 1 | S4: A | T4: A | U4: 1 | V4: 1 | W4: 1 | X4: 1 | Y4: 1 | Z4: A | AA4: A | AB4: 1 | AC4: 1 | AD4: 1 | AE4: 1 | AF4: 1 | AG4: 2 | AK4: 2026 | AT4: 20 | AU4: 20
A5: 4 | B5: Capitão | C5: 103715 | D5: EDUARDO CÉSAR DA SILVA | F5: A | G5: 1 | H5: 1 | I5: 1 | J5: 1 | K5: 1 | L5: A | M5: A | N5: 1 | O5: 1 | P5: 1 | Q5: 1 | R5: 1 | S5: A | T5: A | U5: 1 | V5: 1 | W5: 1 | X5: 1 | Y5: 1 | Z5: A | AA5: A | AB5: 1 | AC5: 1 | AD5: 1 | AE5: 1 | AF5: 1 | AG5: A | AT5: 20 | AU5: 20
A6: 5 | B6: Capitão | C6: 114515 | D6: LUCIANO DA COSTA ALVES | F6: A | G6: 1 | H6: 1 | I6: 1 | J6: 1 | K6: 1 | L6: A | M6: A | N6: 1 | O6: 1 | P6: 1 | Q6: 1 | R6: 1 | S6: A | T6: A | U6: 1 | V6: 1 | W6: 1 | X6: 1 | Y6: 1 | Z6: A | AA6: A | AB6: 1 | AC6: 1 | AD6: 1 | AE6: 1 | AF6: 1 | AG6: A | AT6: 20 | AU6: 20
A7: 6 | B7: Capitão | C7: 135418 | D7: CAIO AUGUSTO DE SOUZA DAVID | F7: A | G7: 1 | H7: 1 | I7: 1 | J7: 1 | K7: 1 | L7: A | M7: A | N7: 1 | O7: 1 | P7: 1 | Q7: 1 | R7: 1 | S7: A | T7: A | U7: 1 | V7: 1 | W7: 1 | X7: 1 | Y7: 1 | Z7: A | AA7: A | AB7: 1 | AC7: 1 | AD7: 1 | AE7: 1 | AF7: 1 | AG7: A | AT7: 20 | AU7: 20
A8: 7 | B8: 1º Tenente | C8: 102564 | D8: LEANDRO PEROTO RIGUETO | F8: A | G8: 1 | H8: 1 | I8: 1 | J8: 1 | K8: 1 | L8: A | M8: A | N8: 1 | O8: 1 | P8: 1 | Q8: 1 | R8: 1 | S8: A | T8: A | U8: 1 | V8: 1 | W8: 1 | X8: 1 | Y8: 1 | Z8: A | AA8: A | AB8: 1 | AC8: 1 | AD8: 1 | AE8: 1 | AF8: 1 | AG8: A | AT8: 20 | AU8: 20
A9: 8 | B9: 1º Tenente | C9: 161884 | D9: JOSE ROBERTO DE SOUZA FILHO | F9: 0 | G9: A | H9: 0 | I9: A | J9: 0 | K9: A | L9: 0 | M9: A | N9: 0 | O9: A | P9: 0 | Q9: A | R9: 0 | S9: A | T9: 0 | U9: A | V9: 0 | W9: A | X9: 0 | Y9: A | Z9: 0 | AA9: A | AB9: 0 | AC9: A | AD9: 0 | AE9: A | AF9: 0 | AG9: A | AT9: 14 | AU9: 0
A10: 9 | B10: 1º Tenente | C10: 170252 | D10: VALDIR DE SOUZA JUNIOR | F10: A | G10: 0 | H10: A | I10: 0 | J10: A | K10: 0 | L10: A | M10: 0 | N10: A | O10: 0 | P10: A | Q10: 0 | R10: A | S10: 0 | T10: A | U10: 0 | V10: A | W10: 0 | X10: A | Y10: 0 | Z10: A | AA10: 0 | AB10: A | AC10: 0 | AD10: A | AE10: 0 | AF10: A | AG10: 0 | AT10: 14 | AU10: 0
A11: 10 | B11: 1º Tenente | C11: 180238 | D11: PAULO JOSÉ BONIFÁCIO FONSECA NOVAES | F11: A | G11: 0 | H11: A | I11: 0 | J11: A | K11: 0 | L11: A | M11: 0 | N11: A | O11: 0 | P11: A | Q11: 0 | R11: A | S11: 0 | T11: A | U11: 0 | V11: A | W11: 0 | X11: A | Y11: 0 | Z11: A | AA11: 0 | AB11: A | AC11: 0 | AD11: A | AE11: 0 | AF11: A | AG11: 0 | AT11: 14 | AU11: 0
A12: 11 | B12: 1º Tenente | C12: 180284 | D12: ROGGER MILTON BARBOSA | F12: A | G12: 1 | H12: 1 | I12: 1 | J12: 1 | K12: 1 | L12: A | M12: A | N12: 1 | O12: 1 | P12: 1 | Q12: 1 | R12: 1 | S12: A | T12: A | U12: 1 | V12: 1 | W12: 1 | X12: 1 | Y12: 1 | Z12: A | AA12: A | AB12: 1 | AC12: 1 | AD12: 1 | AE12: 1 | AF12: 1 | AG12: A | AT12: 20 | AU12: 20
A13: 12 | B13: 1º Tenente | C13: 200032 | D13: DANIEL RINALDO SOARES SILVA | F13: A | G13: 1 | H13: 1 | I13: 1 | J13: 1 | K13: 1 | L13: A | M13: A | N13: 1 | O13: 1 | P13: 1 | Q13: 1 | R13: 1 | S13: A | T13: A | U13: 1 | V13: 1 | W13: 1 | X13: 1 | Y13: 1 | Z13: A | AA13: A | AB13: 1 | AC13: 1 | AD13: 1 | AE13: 1 | AF13: 1 | AG13: A | AT13: 20 | AU13: 20
A14: 13 | B14: 1º Tenente | C14: 970870 | D14: CRISTIANO ANDRADE SANTOS | F14: A | G14: 1 | H14: 1 | I14: 1 | J14: 1 | K14: 1 | L14: A | M14: A | N14: 1 | O14: 1 | P14: 1 | Q14: 1 | R14: 1 | S14: A | T14: A | U14: 1 | V14: 1 | W14: 1 | X14: 1 | Y14: 1 | Z14: A | AA14: A | AB14: 1 | AC14: 1 | AD14: 1 | AE14: 1 | AF14: 1 | AG14: A | AT14: 20 | AU14: 20
A15: 14 | B15: 2º Tenente | C15: 211497 | D15: ANTONIO MONTEIRO NETO | F15: 0 | G15: A | H15: 0 | I15: A | J15: 0 | K15: A | L15: 0 | M15: A | N15: 0 | O15: A | P15: 0 | Q15: A | R15: 0 | S15: A | T15: 0 | U15: A | V15: 0 | W15: A | X15: 0 | Y15: A | Z15: 0 | AA15: A | AB15: 0 | AC15: A | AD15: 0 | AE15: A | AF15: 0 | AG15: A | AT15: 14 | AU15: 0
A16: 15 | B16: 2º Tenente | C16: 211559 | D16: DELE JOHNSON DA SILVA ELEYINMI | F16: A | G16: 0 | H16: A | I16: 0 | J16: A | K16: 0 | L16: A | M16: 0 | N16: A | O16: 0 | P16: A | Q16: 0 | R16: A | S16: 0 | T16: A | U16: 0 | V16: A | W16: 0 | X16: A | Y16: 0 | Z16: A | AA16: 0 | AB16: A | AC16: 0 | AD16: A | AE16: 0 | AF16: A | AG16: 0 | AT16: 14 | AU16: 0
... A102: 101 | B102: Soldado | C102: 242651 | D102: MARLY DA SILVA DAMASCENO | F102: 0 | G102: A | H102: 0 | I102: A | J102: 0 | K102: A | L102: 0 | M102: A | N102: 0 | O102: A | P102: 0 | Q102: A | R102: 0 | S102: A | T102: 0 | U102: A | V102: 0 | W102: A | X102: 0 | Y102: A | Z102: 0 | AA102: A | AB102: 0 | AC102: A | AD102: 0 | AE102: A | AF102: 0 | AG102: A | AT102: 14 | AU102: 0
